date,level,series_id,sales,forecast
2016-04-25,category,FOODS,2893,3023.8571428571427
2016-04-26,category,FOODS,2518,3038.6071428571427
2016-04-27,category,FOODS,2467,3039.9285714285716
2016-04-28,category,FOODS,2446,3051.785714285714
2016-04-29,category,FOODS,3032,3044.464285714286
2016-04-30,category,FOODS,3950,3040.8928571428573
2016-05-01,category,FOODS,4254,3043.035714285714
2016-05-02,category,FOODS,3278,3044.035714285714
2016-05-03,category,FOODS,2997,3044.214285714286
2016-05-04,category,FOODS,2840,3054.4285714285716
2016-05-05,category,FOODS,2735,3059.5
2016-05-06,category,FOODS,3303,3069.6785714285716
2016-05-07,category,FOODS,4106,3075.464285714286
2016-05-08,category,FOODS,3630,3076.6428571428573
2016-05-09,category,FOODS,3245,3061.25
2016-05-10,category,FOODS,2896,3074.4285714285716
2016-05-11,category,FOODS,2687,3093.1428571428573
2016-05-12,category,FOODS,2663,3105.5
2016-05-13,category,FOODS,3365,3114.1428571428573
2016-05-14,category,FOODS,4046,3137.6785714285716
2016-05-15,category,FOODS,4717,3157.8571428571427
2016-05-16,category,FOODS,3198,3183.3214285714284
2016-05-17,category,FOODS,2794,3194.464285714286
2016-05-18,category,FOODS,2816,3205.3928571428573
2016-05-19,category,FOODS,2854,3217.035714285714
2016-05-20,category,FOODS,2993,3228.5
2016-05-21,category,FOODS,3783,3229.6785714285716
2016-05-22,category,FOODS,4327,3234.25
2016-04-25,category,HOBBIES,589,537.6071428571429
2016-04-26,category,HOBBIES,426,539.5357142857143
2016-04-27,category,HOBBIES,451,536.9642857142857
2016-04-28,category,HOBBIES,432,536.4642857142857
2016-04-29,category,HOBBIES,584,532.75
2016-04-30,category,HOBBIES,636,527.0714285714286
2016-05-01,category,HOBBIES,684,528.25
2016-05-02,category,HOBBIES,529,524.4642857142857
2016-05-03,category,HOBBIES,628,526.8214285714286
2016-05-04,category,HOBBIES,565,529.7857142857143
2016-05-05,category,HOBBIES,439,534.7142857142857
2016-05-06,category,HOBBIES,570,536.3214285714286
2016-05-07,category,HOBBIES,646,535.8928571428571
2016-05-08,category,HOBBIES,513,538.5714285714286
2016-05-09,category,HOBBIES,641,537.3571428571429
2016-05-10,category,HOBBIES,389,538.1071428571429
2016-05-11,category,HOBBIES,505,538.0357142857143
2016-05-12,category,HOBBIES,596,541.25
2016-05-13,category,HOBBIES,588,547.2142857142857
2016-05-14,category,HOBBIES,806,553.8928571428571
2016-05-15,category,HOBBIES,687,556.8928571428571
2016-05-16,category,HOBBIES,417,558.0357142857143
2016-05-17,category,HOBBIES,393,553.5714285714286
2016-05-18,category,HOBBIES,381,549.9285714285714
2016-05-19,category,HOBBIES,406,550.5714285714286
2016-05-20,category,HOBBIES,539,550.4285714285714
2016-05-21,category,HOBBIES,719,550.8571428571429
2016-05-22,category,HOBBIES,646,552.6071428571429
2016-04-25,category,HOUSEHOLD,990,1008.3571428571429
2016-04-26,category,HOUSEHOLD,759,1011.9285714285714
2016-04-27,category,HOUSEHOLD,797,1010.1428571428571
2016-04-28,category,HOUSEHOLD,740,1012.2142857142857
2016-04-29,category,HOUSEHOLD,957,1006.8928571428571
2016-04-30,category,HOUSEHOLD,1312,1001.5
2016-05-01,category,HOUSEHOLD,1459,998.9285714285714
2016-05-02,category,HOUSEHOLD,987,998.1785714285714
2016-05-03,category,HOUSEHOLD,969,995.0
2016-05-04,category,HOUSEHOLD,829,1000.7857142857143
2016-05-05,category,HOUSEHOLD,744,1000.4285714285714
2016-05-06,category,HOUSEHOLD,931,998.0357142857143
2016-05-07,category,HOUSEHOLD,1317,995.7142857142857
2016-05-08,category,HOUSEHOLD,1069,990.3214285714286
2016-05-09,category,HOUSEHOLD,973,979.8928571428571
2016-05-10,category,HOUSEHOLD,819,979.3571428571429
2016-05-11,category,HOUSEHOLD,790,979.4642857142857
2016-05-12,category,HOUSEHOLD,790,981.8928571428571
2016-05-13,category,HOUSEHOLD,998,982.0
2016-05-14,category,HOUSEHOLD,1393,986.3928571428571
2016-05-15,category,HOUSEHOLD,1303,992.0714285714286
2016-05-16,category,HOUSEHOLD,953,992.3571428571429
2016-05-17,category,HOUSEHOLD,762,993.6428571428571
2016-05-18,category,HOUSEHOLD,798,991.9285714285714
2016-05-19,category,HOUSEHOLD,876,989.3928571428571
2016-05-20,category,HOUSEHOLD,901,993.3214285714286
2016-05-21,category,HOUSEHOLD,1262,993.3571428571429
2016-05-22,category,HOUSEHOLD,1316,993.7142857142857
2016-04-25,department,FOODS_1,294,286.32142857142856
2016-04-26,department,FOODS_1,259,288.5
2016-04-27,department,FOODS_1,268,291.14285714285717
2016-04-28,department,FOODS_1,328,293.0357142857143
2016-04-29,department,FOODS_1,387,292.10714285714283
2016-04-30,department,FOODS_1,455,294.5
2016-05-01,department,FOODS_1,403,299.64285714285717
2016-05-02,department,FOODS_1,262,300.92857142857144
2016-05-03,department,FOODS_1,332,301.7857142857143
2016-05-04,department,FOODS_1,272,304.85714285714283
2016-05-05,department,FOODS_1,311,306.92857142857144
2016-05-06,department,FOODS_1,424,308.7142857142857
2016-05-07,department,FOODS_1,474,312.4642857142857
2016-05-08,department,FOODS_1,320,315.32142857142856
2016-05-09,department,FOODS_1,298,316.0
2016-05-10,department,FOODS_1,326,317.4642857142857
2016-05-11,department,FOODS_1,279,321.0
2016-05-12,department,FOODS_1,256,323.35714285714283
2016-05-13,department,FOODS_1,412,322.42857142857144
2016-05-14,department,FOODS_1,435,326.67857142857144
2016-05-15,department,FOODS_1,415,330.89285714285717
2016-05-16,department,FOODS_1,277,336.14285714285717
2016-05-17,department,FOODS_1,302,335.25
2016-05-18,department,FOODS_1,397,337.57142857142856
2016-05-19,department,FOODS_1,330,341.5
2016-05-20,department,FOODS_1,310,342.67857142857144
2016-05-21,department,FOODS_1,427,341.92857142857144
2016-05-22,department,FOODS_1,334,342.2142857142857
2016-04-25,department,FOODS_2,458,535.6785714285714
2016-04-26,department,FOODS_2,500,536.8928571428571
2016-04-27,department,FOODS_2,412,540.0
2016-04-28,department,FOODS_2,400,543.0
2016-04-29,department,FOODS_2,463,541.7857142857143
2016-04-30,department,FOODS_2,653,537.7857142857143
2016-05-01,department,FOODS_2,720,536.0
2016-05-02,department,FOODS_2,620,533.0357142857143
2016-05-03,department,FOODS_2,525,531.7857142857143
2016-05-04,department,FOODS_2,531,530.8928571428571
2016-05-05,department,FOODS_2,450,530.1428571428571
2016-05-06,department,FOODS_2,560,529.75
2016-05-07,department,FOODS_2,683,527.6428571428571
2016-05-08,department,FOODS_2,539,524.8928571428571
2016-05-09,department,FOODS_2,617,517.4285714285714
2016-05-10,department,FOODS_2,627,519.0
2016-05-11,department,FOODS_2,446,523.6785714285714
2016-05-12,department,FOODS_2,457,523.8928571428571
2016-05-13,department,FOODS_2,545,526.8928571428571
2016-05-14,department,FOODS_2,611,530.8214285714286
2016-05-15,department,FOODS_2,781,534.8214285714286
2016-05-16,department,FOODS_2,555,539.9642857142857
2016-05-17,department,FOODS_2,476,540.8928571428571
2016-05-18,department,FOODS_2,427,543.9285714285714
2016-05-19,department,FOODS_2,411,544.0714285714286
2016-05-20,department,FOODS_2,434,545.7142857142857
2016-05-21,department,FOODS_2,627,543.75
2016-05-22,department,FOODS_2,719,545.0714285714286
2016-04-25,department,FOODS_3,2141,2201.8571428571427
2016-04-26,department,FOODS_3,1759,2213.214285714286
2016-04-27,department,FOODS_3,1787,2208.785714285714
2016-04-28,department,FOODS_3,1718,2215.75
2016-04-29,department,FOODS_3,2182,2210.5714285714284
2016-04-30,department,FOODS_3,2842,2208.6071428571427
2016-05-01,department,FOODS_3,3131,2207.3928571428573
2016-05-02,department,FOODS_3,2396,2210.0714285714284
2016-05-03,department,FOODS_3,2140,2210.6428571428573
2016-05-04,department,FOODS_3,2037,2218.6785714285716
2016-05-05,department,FOODS_3,1974,2222.4285714285716
2016-05-06,department,FOODS_3,2319,2231.214285714286
2016-05-07,department,FOODS_3,2949,2235.3571428571427
2016-05-08,department,FOODS_3,2771,2236.4285714285716
2016-05-09,department,FOODS_3,2330,2227.8214285714284
2016-05-10,department,FOODS_3,1943,2237.964285714286
2016-05-11,department,FOODS_3,1962,2248.464285714286
2016-05-12,department,FOODS_3,1950,2258.25
2016-05-13,department,FOODS_3,2408,2264.8214285714284
2016-05-14,department,FOODS_3,3000,2280.1785714285716
2016-05-15,department,FOODS_3,3521,2292.1428571428573
2016-05-16,department,FOODS_3,2366,2307.214285714286
2016-05-17,department,FOODS_3,2016,2318.3214285714284
2016-05-18,department,FOODS_3,1992,2323.8928571428573
2016-05-19,department,FOODS_3,2113,2331.464285714286
2016-05-20,department,FOODS_3,2249,2340.1071428571427
2016-05-21,department,FOODS_3,2729,2344.0
2016-05-22,department,FOODS_3,3274,2346.964285714286
2016-04-25,department,HOBBIES_1,546,499.7142857142857
2016-04-26,department,HOBBIES_1,395,501.0
2016-04-27,department,HOBBIES_1,418,498.67857142857144
2016-04-28,department,HOBBIES_1,385,498.57142857142856
2016-04-29,department,HOBBIES_1,550,494.9642857142857
2016-04-30,department,HOBBIES_1,574,489.5
2016-05-01,department,HOBBIES_1,625,490.60714285714283
2016-05-02,department,HOBBIES_1,478,485.82142857142856
2016-05-03,department,HOBBIES_1,582,487.32142857142856
2016-05-04,department,HOBBIES_1,522,489.5357142857143
2016-05-05,department,HOBBIES_1,405,493.7857142857143
2016-05-06,department,HOBBIES_1,529,496.17857142857144
2016-05-07,department,HOBBIES_1,579,495.39285714285717
2016-05-08,department,HOBBIES_1,451,496.9642857142857
2016-05-09,department,HOBBIES_1,592,495.10714285714283
2016-05-10,department,HOBBIES_1,334,494.9642857142857
2016-05-11,department,HOBBIES_1,453,493.67857142857144
2016-05-12,department,HOBBIES_1,546,496.7857142857143
2016-05-13,department,HOBBIES_1,546,501.60714285714283
2016-05-14,department,HOBBIES_1,732,507.89285714285717
2016-05-15,department,HOBBIES_1,631,509.39285714285717
2016-05-16,department,HOBBIES_1,389,510.60714285714283
2016-05-17,department,HOBBIES_1,347,506.0357142857143
2016-05-18,department,HOBBIES_1,353,501.9642857142857
2016-05-19,department,HOBBIES_1,354,502.67857142857144
2016-05-20,department,HOBBIES_1,494,501.75
2016-05-21,department,HOBBIES_1,656,502.57142857142856
2016-05-22,department,HOBBIES_1,588,503.82142857142856
2016-04-25,department,HOBBIES_2,43,37.892857142857146
2016-04-26,department,HOBBIES_2,31,38.535714285714285
2016-04-27,department,HOBBIES_2,33,38.285714285714285
2016-04-28,department,HOBBIES_2,47,37.892857142857146
2016-04-29,department,HOBBIES_2,34,37.785714285714285
2016-04-30,department,HOBBIES_2,62,37.57142857142857
2016-05-01,department,HOBBIES_2,59,37.642857142857146
2016-05-02,department,HOBBIES_2,51,38.642857142857146
2016-05-03,department,HOBBIES_2,46,39.5
2016-05-04,department,HOBBIES_2,43,40.25
2016-05-05,department,HOBBIES_2,34,40.92857142857143
2016-05-06,department,HOBBIES_2,41,40.142857142857146
2016-05-07,department,HOBBIES_2,67,40.5
2016-05-08,department,HOBBIES_2,62,41.607142857142854
2016-05-09,department,HOBBIES_2,49,42.25
2016-05-10,department,HOBBIES_2,55,43.142857142857146
2016-05-11,department,HOBBIES_2,52,44.357142857142854
2016-05-12,department,HOBBIES_2,50,44.464285714285715
2016-05-13,department,HOBBIES_2,42,45.607142857142854
2016-05-14,department,HOBBIES_2,74,46.0
2016-05-15,department,HOBBIES_2,56,47.5
2016-05-16,department,HOBBIES_2,28,47.42857142857143
2016-05-17,department,HOBBIES_2,46,47.535714285714285
2016-05-18,department,HOBBIES_2,28,47.964285714285715
2016-05-19,department,HOBBIES_2,52,47.892857142857146
2016-05-20,department,HOBBIES_2,45,48.67857142857143
2016-05-21,department,HOBBIES_2,63,48.285714285714285
2016-05-22,department,HOBBIES_2,58,48.785714285714285
2016-04-25,department,HOUSEHOLD_1,780,786.0
2016-04-26,department,HOUSEHOLD_1,583,788.25
2016-04-27,department,HOUSEHOLD_1,615,786.5714285714286
2016-04-28,department,HOUSEHOLD_1,552,788.4642857142857
2016-04-29,department,HOUSEHOLD_1,708,783.9285714285714
2016-04-30,department,HOUSEHOLD_1,991,778.3928571428571
2016-05-01,department,HOUSEHOLD_1,1118,776.1071428571429
2016-05-02,department,HOUSEHOLD_1,763,775.2142857142857
2016-05-03,department,HOUSEHOLD_1,761,771.4642857142857
2016-05-04,department,HOUSEHOLD_1,637,775.7142857142857
2016-05-05,department,HOUSEHOLD_1,578,774.6785714285714
2016-05-06,department,HOUSEHOLD_1,702,773.25
2016-05-07,department,HOUSEHOLD_1,1048,770.2857142857143
2016-05-08,department,HOUSEHOLD_1,768,766.1428571428571
2016-05-09,department,HOUSEHOLD_1,752,756.2857142857143
2016-05-10,department,HOUSEHOLD_1,623,754.9642857142857
2016-05-11,department,HOUSEHOLD_1,593,753.3928571428571
2016-05-12,department,HOUSEHOLD_1,597,753.7857142857143
2016-05-13,department,HOUSEHOLD_1,777,752.9285714285714
2016-05-14,department,HOUSEHOLD_1,1055,756.0357142857143
2016-05-15,department,HOUSEHOLD_1,965,758.75
2016-05-16,department,HOUSEHOLD_1,725,757.1428571428571
2016-05-17,department,HOUSEHOLD_1,607,757.3928571428571
2016-05-18,department,HOUSEHOLD_1,602,756.8928571428571
2016-05-19,department,HOUSEHOLD_1,658,754.6428571428571
2016-05-20,department,HOUSEHOLD_1,665,757.4285714285714
2016-05-21,department,HOUSEHOLD_1,978,756.3571428571429
2016-05-22,department,HOUSEHOLD_1,1022,757.9642857142857
2016-04-25,department,HOUSEHOLD_2,210,222.35714285714286
2016-04-26,department,HOUSEHOLD_2,176,223.67857142857142
2016-04-27,department,HOUSEHOLD_2,182,223.57142857142858
2016-04-28,department,HOUSEHOLD_2,188,223.75
2016-04-29,department,HOUSEHOLD_2,249,222.96428571428572
2016-04-30,department,HOUSEHOLD_2,321,223.10714285714286
2016-05-01,department,HOUSEHOLD_2,341,222.82142857142858
2016-05-02,department,HOUSEHOLD_2,224,222.96428571428572
2016-05-03,department,HOUSEHOLD_2,208,223.53571428571428
2016-05-04,department,HOUSEHOLD_2,192,225.07142857142858
2016-05-05,department,HOUSEHOLD_2,166,225.75
2016-05-06,department,HOUSEHOLD_2,229,224.78571428571428
2016-05-07,department,HOUSEHOLD_2,269,225.42857142857142
2016-05-08,department,HOUSEHOLD_2,301,224.17857142857142
2016-05-09,department,HOUSEHOLD_2,221,223.60714285714286
2016-05-10,department,HOUSEHOLD_2,196,224.39285714285714
2016-05-11,department,HOUSEHOLD_2,197,226.07142857142858
2016-05-12,department,HOUSEHOLD_2,193,228.10714285714286
2016-05-13,department,HOUSEHOLD_2,221,229.07142857142858
2016-05-14,department,HOUSEHOLD_2,338,230.35714285714286
2016-05-15,department,HOUSEHOLD_2,338,233.32142857142858
2016-05-16,department,HOUSEHOLD_2,228,235.21428571428572
2016-05-17,department,HOUSEHOLD_2,155,236.25
2016-05-18,department,HOUSEHOLD_2,196,235.03571428571428
2016-05-19,department,HOUSEHOLD_2,218,234.75
2016-05-20,department,HOUSEHOLD_2,236,235.89285714285714
2016-05-21,department,HOUSEHOLD_2,284,237.0
2016-05-22,department,HOUSEHOLD_2,294,235.75
2016-04-25,store,CA_1,4472,4569.821428571428
2016-04-26,store,CA_1,3703,4590.071428571428
2016-04-27,store,CA_1,3715,4587.035714285715
2016-04-28,store,CA_1,3618,4600.464285714285
2016-04-29,store,CA_1,4573,4584.107142857143
2016-04-30,store,CA_1,5898,4569.464285714285
2016-05-01,store,CA_1,6397,4570.214285714285
2016-05-02,store,CA_1,4794,4566.678571428572
2016-05-03,store,CA_1,4594,4566.035714285715
2016-05-04,store,CA_1,4234,4585.0
2016-05-05,store,CA_1,3918,4594.642857142857
2016-05-06,store,CA_1,4804,4604.035714285715
2016-05-07,store,CA_1,6069,4607.071428571428
2016-05-08,store,CA_1,5212,4605.535714285715
2016-05-09,store,CA_1,4859,4578.5
2016-05-10,store,CA_1,4104,4591.892857142857
2016-05-11,store,CA_1,3982,4610.642857142857
2016-05-12,store,CA_1,4049,4628.642857142857
2016-05-13,store,CA_1,4951,4643.357142857143
2016-05-14,store,CA_1,6245,4677.964285714285
2016-05-15,store,CA_1,6707,4706.821428571428
2016-05-16,store,CA_1,4568,4733.714285714285
2016-05-17,store,CA_1,3949,4741.678571428572
2016-05-18,store,CA_1,3995,4747.25
2016-05-19,store,CA_1,4136,4757.0
2016-05-20,store,CA_1,4433,4772.25
2016-05-21,store,CA_1,5764,4773.892857142857
2016-05-22,store,CA_1,6289,4780.571428571428
