feature,importance
lag_28,0.5283843618687177
lag_7,0.18583433146257544
lag_14,0.07079678473250826
lag_1,0.04532924759968859
day_of_month,0.027940222192719306
rolling_mean_7,0.027543475809859653
day_of_week,0.019434259283950185
is_christmas,0.017411752720287447
rolling_mean_28,0.014239926328698433
is_weekend,0.012941788896977535
rolling_std_7,0.011044065102495247
rolling_std_28,0.009501840481303772
week_of_year,0.00930711153478505
event_type_cultural,0.00501311950295989
month,0.0037396777559696483
event_type_national,0.0031436052432504856
year,0.0025801866976276552
snap_CA,0.0022939196662062106
has_any_event,0.0016387170417791089
has_event_1,0.0015837433654495448
event_type_religious,0.00023425102382526193
event_type_sporting,3.5047960935876855e-05
has_event_2,1.935998652753547e-05
is_valentines,6.507767749084107e-06
is_superbowl,2.6959731530435587e-06
