fold,date,actual,p10,p50,p90,interval_width,covered
1,2016-01-04,4237,3578.0945454545454,4046.7,4755.25,1177.1554545454546,True
1,2016-01-05,3481,3498.4275862068966,3929.8536585365855,4427.5,929.0724137931034,False
1,2016-01-06,3225,3247.764102564103,3656.375,4306.588888888889,1058.8247863247866,False
1,2016-01-07,3867,3127.8285714285716,3593.3,4195.474999999999,1067.6464285714278,True
1,2016-01-08,4404,3391.633333333333,3688.2743902439024,4154.5,762.8666666666668,False
1,2016-01-09,6077,4715.151428571428,5348.666666666666,5754.5,1039.3485714285716,False
1,2016-01-10,5660,4204.67619047619,5425.166666666666,5876.8,1672.1238095238105,True
1,2016-01-11,4001,3677.5105263157893,4048.7101063829787,4379.896428571429,702.3859022556398,True
1,2016-01-12,3377,3222.2999999999997,3565.5870953032377,3883.4424242424247,661.142424242425,True
1,2016-01-13,3252,3035.6428571428573,3275.916666666667,3696.2500000000005,660.6071428571431,True
1,2016-01-14,3405,3275.45,3644.0,4032.2083333333335,756.7583333333337,True
1,2016-01-15,4026,3539.65,3934.0,4171.483333333334,631.8333333333335,True
1,2016-01-16,5745,4881.227272727272,5252.291666666666,5849.916666666667,968.6893939393949,True
1,2016-01-17,5422,4887.95,5289.75,5785.433333333333,897.4833333333336,True
1,2016-01-18,4484,3757.525,4242.227272727272,4847.450000000001,1089.9250000000006,True
1,2016-01-19,3026,3171.025,3487.747844827586,4101.3,930.2750000000001,False
1,2016-01-20,3544,2872.9666666666667,3303.878787878788,3802.157142857143,929.1904761904761,True
1,2016-01-21,3502,3166.7833333333333,3445.027777777778,3804.1445652173916,637.3612318840583,True
1,2016-01-22,3612,3286.025,3904.4761904761904,4213.828571428571,927.8035714285711,True
1,2016-01-23,5923,4554.597142857143,5288.375,5616.0,1061.402857142857,False
1,2016-01-24,5247,4480.85,5356.511904761905,5639.933333333333,1159.083333333333,True
1,2016-01-25,3741,3421.55,3805.55,4203.370588235294,781.820588235294,True
1,2016-01-26,3246,2883.741666666667,3266.1111111111113,3795.25,911.5083333333332,True
1,2016-01-27,3031,3071.0717948717947,3376.0238095238096,3611.8,540.7282051282054,False
1,2016-01-28,3173,3144.9666666666667,3461.2378640776697,3876.3,731.3333333333335,True
1,2016-01-29,3871,3166.65,3493.128424657534,4016.15,849.5,True
1,2016-01-30,5498,4643.95,5206.631578947368,5919.116666666667,1275.166666666667,True
1,2016-01-31,6032,4900.650000000001,5431.5,5868.666666666667,968.0166666666664,False
2,2016-02-01,4075,3845.5,4220.916666666666,4842.78,997.2799999999997,True
2,2016-02-02,3765,3356.8,3723.5,4190.233333333334,833.4333333333334,True
2,2016-02-03,3983,3305.6725806451614,3940.75,4134.54,828.8674193548386,True
2,2016-02-04,3928,3424.633333333333,3823.1846153846154,4238.1,813.4666666666672,True
2,2016-02-05,4327,3566.1749999999997,4188.666666666666,4629.435,1063.2600000000007,True
2,2016-02-06,6412,5107.25,5678.133333333333,6292.2,1184.9499999999998,False
2,2016-02-07,4986,4891.12,5809.541666666666,6325.23,1434.1099999999997,True
2,2016-02-08,3933,3765.318181818182,4045.0103618421053,4388.125,622.806818181818,True
2,2016-02-09,3936,3485.899173553719,3803.775,4077.4666666666667,591.5674931129479,True
2,2016-02-10,3995,3383.7000000000003,3842.3333333333335,4118.6066666666675,734.9066666666672,True
2,2016-02-11,4007,3477.821186440678,3776.425,3983.540350877193,505.7191644365148,False
2,2016-02-12,4111,3890.2680555555553,4122.408620689655,4349.408571428571,459.14051587301583,True
2,2016-02-13,5483,4860.29,5493.391025641025,6087.125,1226.835,True
2,2016-02-14,4834,4180.786666666667,4811.675,5349.475,1168.6883333333335,True
2,2016-02-15,4588,3373.1775000000002,4198.619047619048,4777.620512820513,1404.4430128205126,True
2,2016-02-16,3650,3075.85,3498.1111111111113,3921.8,845.9500000000003,True
2,2016-02-17,3777,3302.9222222222224,3613.0241935483873,3967.0555555555557,664.1333333333332,True
2,2016-02-18,3868,3348.728846153846,3727.4745762711864,4022.628436657682,673.899590503836,True
2,2016-02-19,4413,3460.383333333333,3853.7130281690143,4419.52,959.1366666666672,True
2,2016-02-20,5283,4903.65,5368.223039215687,5852.56,948.9100000000008,True
2,2016-02-21,5607,5051.969230769231,5559.208333333334,6027.7300000000005,975.7607692307693,True
2,2016-02-22,3905,3701.9500000000003,3994.6666666666665,4592.775000000001,890.8250000000003,True
2,2016-02-23,3613,3308.2933333333335,3589.7057416267944,3904.9500000000003,596.6566666666668,True
2,2016-02-24,3369,3197.6666666666665,3536.0689655172414,3888.7121212121215,691.045454545455,True
2,2016-02-25,3396,3094.4900000000002,3452.5,3839.34,744.8499999999999,True
2,2016-02-26,4087,3606.2571428571428,4005.857142857143,4297.700000000001,691.442857142858,True
2,2016-02-27,5329,4762.603571428571,5225.176666666666,5533.1,770.4964285714295,True
2,2016-02-28,6198,5034.325,5606.638888888889,5947.14,912.8150000000005,False
3,2016-02-29,3797,3603.866666666667,3974.625,4607.1,1003.2333333333336,True
3,2016-03-01,3830,3696.2457142857143,4049.2976539589445,4560.5,864.2542857142857,True
3,2016-03-02,3754,3716.8331034482762,4016.8551587301586,4475.25,758.4168965517238,True
3,2016-03-03,3769,3737.4333333333334,4034.504608294931,4445.120000000001,707.6866666666674,True
3,2016-03-04,4163,4099.878571428571,4494.976190476191,5074.75,974.8714285714286,True
3,2016-03-05,5630,4918.75,5383.7,6020.880000000001,1102.130000000001,True
3,2016-03-06,6829,5497.8375,5929.4558823529405,6499.955,1002.1175000000003,False
3,2016-03-07,4393,3761.9055555555556,4077.95,4731.6,969.6944444444448,True
3,2016-03-08,3930,3681.825,3895.8189655172414,4137.6,455.77500000000055,True
3,2016-03-09,3672,3561.703125,3826.5,4018.3050000000003,456.6018750000003,True
3,2016-03-10,3877,3483.72,3774.0,4043.93,560.21,True
3,2016-03-11,4049,3920.4384615384615,4150.857692307693,4405.515217391305,485.07675585284323,True
3,2016-03-12,5933,4886.5,5303.5,5736.992857142857,850.4928571428572,False
3,2016-03-13,5446,5341.0142857142855,5923.1,6613.133333333333,1272.1190476190477,True
3,2016-03-14,4190,3761.483333333333,4232.4,4721.816666666667,960.3333333333335,True
3,2016-03-15,3457,3416.1845360824746,3685.5113329735564,3909.2333333333336,493.048797250859,True
3,2016-03-16,3587,3327.4618768328446,3506.416666666667,3722.2666666666664,394.8047898338218,True
3,2016-03-17,3329,3327.2909090909093,3565.710526315789,3838.37,511.0790909090906,True
3,2016-03-18,4285,4005.4166666666665,4131.166666666666,4527.0,521.5833333333335,True
3,2016-03-19,5659,5104.103703703704,5483.857440476191,5897.740000000001,793.6362962962967,True
3,2016-03-20,6197,5293.5,5714.985294117647,6218.75,925.25,True
3,2016-03-21,4242,3793.923911930364,4054.7333333333336,4460.480952380953,666.5570404505888,True
3,2016-03-22,3776,3367.385714285714,3572.4060665362035,3881.569592476489,514.183878190775,True
3,2016-03-23,3770,3281.5782608695654,3533.02705882353,3835.8571428571427,554.2788819875773,True
3,2016-03-24,3970,3059.39,3474.375,3862.76,803.3700000000003,False
3,2016-03-25,4904,3868.243103448276,4105.300395256917,4326.7642857142855,458.5211822660094,False
3,2016-03-26,6139,5328.714285714285,5712.916666666667,6079.897142857143,751.1828571428578,False
3,2016-03-27,4669,4491.88,4914.0,5405.357142857143,913.477142857143,True
4,2016-03-28,3905,3411.94375,3844.1,4148.213333333333,736.2695833333332,True
4,2016-03-29,3788,3336.06,3538.3204449152545,3797.4133526850505,461.3533526850506,True
4,2016-03-30,3339,3358.6093896713614,3560.122716627635,3826.8410714285715,468.23168175721,False
4,2016-03-31,4076,3297.8964285714287,3535.7124542124543,3907.0606741573033,609.1642455858746,False
4,2016-04-01,4983,4113.969230769231,4595.4,5579.099999999999,1465.1307692307682,True
4,2016-04-02,5877,5430.225,5893.384615384615,6395.65,965.4249999999993,True
4,2016-04-03,6496,5368.0,6004.083333333334,6459.4,1091.3999999999996,False
4,2016-04-04,4812,4168.542763157894,4492.2,4993.400000000001,824.8572368421064,True
4,2016-04-05,4063,3856.892857142857,4123.079365079365,4456.875,599.9821428571431,True
4,2016-04-06,3964,3618.1444444444446,3924.528571428571,4176.3,558.1555555555556,True
4,2016-04-07,3655,3821.758333333333,4059.59375,4482.95,661.1916666666666,False
4,2016-04-08,4719,4126.925,4434.166666666666,5146.690000000001,1019.7650000000012,True
4,2016-04-09,6112,5474.815384615385,5813.740384615385,6215.2,740.3846153846152,True
4,2016-04-10,5969,5267.25,5918.0,6429.530000000001,1162.2800000000007,True
4,2016-04-11,4484,3991.65,4441.459770114942,4754.18,762.5300000000002,True
4,2016-04-12,3579,3519.3,3839.633202955237,4070.025,550.7249999999999,True
4,2016-04-13,3478,3356.392307692308,3672.666666666667,3918.5394736842104,562.1471659919025,True
4,2016-04-14,3637,3318.214285714286,3660.3517241379313,4007.4357142857143,689.2214285714285,True
4,2016-04-15,3982,4136.262500000001,4400.809523809524,4831.15,694.8874999999989,False
4,2016-04-16,5437,5157.55,5582.22794117647,5984.575,827.0249999999996,True
4,2016-04-17,5954,5432.314285714286,5875.083333333333,6198.466666666667,766.1523809523815,True
4,2016-04-18,4345,3992.6,4238.341935483871,4556.645454545454,564.0454545454545,True
4,2016-04-19,3793,3443.700142857143,3629.989536423841,3886.675,442.9748571428572,True
4,2016-04-20,3722,3433.2525,3600.389492753623,3781.2125,347.96000000000004,True
4,2016-04-21,3709,3345.940625,3536.4636363636364,3727.3267441860467,381.38611918604647,True
4,2016-04-22,4387,3959.4526315789476,4326.666666666666,5020.25,1060.7973684210524,True
4,2016-04-23,5577,5178.3375,5541.58,6059.26,880.9225000000006,True
4,2016-04-24,6113,5379.400000000001,5850.9629629629635,6560.92,1181.5199999999995,True
5,2016-04-25,4472,3840.3405405405406,4131.264024390244,4480.3,639.9594594594596,True
5,2016-04-26,3703,3471.98,3671.324603174603,3925.74,453.75999999999976,True
5,2016-04-27,3715,3359.3125,3620.345238095238,3904.9083333333333,545.5958333333333,True
5,2016-04-28,3618,3390.220588235294,3569.6714614499424,3801.275,411.05441176470595,True
5,2016-04-29,4573,3700.135,4067.5,4660.175,960.04,True
5,2016-04-30,5898,4950.916666666667,5511.409090909091,5954.4857142857145,1003.5690476190475,True
5,2016-05-01,6397,4905.15,5876.25,6547.633333333333,1642.4833333333336,True
5,2016-05-02,4794,4518.316666666667,4997.2,5585.835714285715,1067.5190476190483,True
5,2016-05-03,4594,3879.0714285714284,4090.0,4527.75,648.6785714285716,False
5,2016-05-04,4234,3822.7541666666666,4041.277777777778,4231.166666666667,408.41250000000036,False
5,2016-05-05,3918,3463.45,3970.375,4187.28,723.8299999999999,True
5,2016-05-06,4804,4375.5,4699.75,5149.0599999999995,773.5599999999995,True
5,2016-05-07,6069,5619.473952816563,5929.460685483871,6198.645,579.1710471834376,True
5,2016-05-08,5212,4551.125,4902.0,5133.55,582.4250000000002,False
5,2016-05-09,4859,4284.658333333334,4591.75,4953.599999999999,668.9416666666657,True
5,2016-05-10,4104,3722.2473684210527,3926.6388888888887,4348.041666666667,625.7942982456143,True
5,2016-05-11,3982,3560.4,3818.0138888888887,4036.2000000000003,475.8000000000002,True
5,2016-05-12,4049,3523.03125,3750.3477124183005,3943.075,420.0437499999998,False
5,2016-05-13,4951,4134.414285714286,4435.0,4851.866666666667,717.4523809523807,False
5,2016-05-14,6245,5411.6,5896.35,6264.775,853.1749999999993,True
5,2016-05-15,6707,5667.45,6217.166666666667,6599.175,931.7250000000004,False
5,2016-05-16,4568,4056.6666666666665,4533.666666666666,4850.55,793.8833333333337,True
5,2016-05-17,3949,3578.955,3885.870341614907,4162.650000000001,583.6950000000006,True
5,2016-05-18,3995,3530.255,3740.097222222222,3959.727272727273,429.47227272727287,False
5,2016-05-19,4136,3544.4904761904763,3818.714285714286,4017.8,473.30952380952385,False
5,2016-05-20,4433,4120.52,4636.0,4883.48,762.9599999999991,True
5,2016-05-21,5764,5318.906666666667,5587.5,5975.114285714286,656.2076190476191,True
5,2016-05-22,6289,5629.385714285714,6057.1,6405.650000000001,776.2642857142864,True
