date,actual,p10,p50,p90,mean_forecast,interval_width,covered
2016-04-25,4472,3840.3405405405406,4131.264024390244,4480.3,4136.988005521502,639.9594594594596,True
2016-04-26,3703,3471.98,3671.324603174603,3925.74,3685.6190614263264,453.75999999999976,True
2016-04-27,3715,3359.3125,3620.345238095238,3904.9083333333333,3625.832726326065,545.5958333333333,True
2016-04-28,3618,3390.220588235294,3569.6714614499424,3801.275,3579.741828688931,411.05441176470595,True
2016-04-29,4573,3700.135,4067.5,4660.175,4123.468752151595,960.04,True
2016-04-30,5898,4950.916666666667,5511.409090909091,5954.4857142857145,5471.95899208315,1003.5690476190475,True
2016-05-01,6397,4905.15,5876.25,6547.633333333333,5791.5346522772525,1642.4833333333336,True
2016-05-02,4794,4518.316666666667,4997.2,5585.835714285715,5016.782818357224,1067.5190476190483,True
2016-05-03,4594,3879.0714285714284,4090.0,4527.75,4150.756983866779,648.6785714285716,False
2016-05-04,4234,3822.7541666666666,4041.277777777778,4231.166666666667,4068.5044658800593,408.41250000000036,False
2016-05-05,3918,3463.45,3970.375,4187.28,3912.29932281952,723.8299999999999,True
2016-05-06,4804,4375.5,4699.75,5149.0599999999995,4742.238368747619,773.5599999999995,True
2016-05-07,6069,5619.473952816563,5929.460685483871,6198.645,5902.7540519462955,579.1710471834376,True
2016-05-08,5212,4551.125,4902.0,5133.55,4927.922429365079,582.4250000000002,False
2016-05-09,4859,4284.658333333334,4591.75,4953.599999999999,4615.755337748995,668.9416666666657,True
2016-05-10,4104,3722.2473684210527,3926.6388888888887,4348.041666666667,3981.860518283196,625.7942982456143,True
2016-05-11,3982,3560.4,3818.0138888888887,4036.2000000000003,3819.1681791103188,475.8000000000002,True
2016-05-12,4049,3523.03125,3750.3477124183005,3943.075,3740.32230710876,420.0437499999998,False
2016-05-13,4951,4134.414285714286,4435.0,4851.866666666667,4487.627259125666,717.4523809523807,False
2016-05-14,6245,5411.6,5896.35,6264.775,5864.917122854779,853.1749999999993,True
2016-05-15,6707,5667.45,6217.166666666667,6599.175,6158.570772201402,931.7250000000004,False
2016-05-16,4568,4056.6666666666665,4533.666666666666,4850.55,4501.781299192719,793.8833333333337,True
2016-05-17,3949,3578.955,3885.870341614907,4162.650000000001,3897.515748684216,583.6950000000006,True
2016-05-18,3995,3530.255,3740.097222222222,3959.727272727273,3746.346102215971,429.47227272727287,False
2016-05-19,4136,3544.4904761904763,3818.714285714286,4017.8,3801.187917111966,473.30952380952385,False
2016-05-20,4433,4120.52,4636.0,4883.48,4571.59688774019,762.9599999999991,True
2016-05-21,5764,5318.906666666667,5587.5,5975.114285714286,5602.479401009527,656.2076190476191,True
2016-05-22,6289,5629.385714285714,6057.1,6405.650000000001,6036.318055566895,776.2642857142864,True
