fold,date,actual,mean_forecast,p10,p50,p90,covered
1,2016-02-01,4075,4289.078,3841.6,4237.0,4977.0,True
1,2016-02-02,3765,3732.362,3313.0,3673.0,4263.6,True
1,2016-02-03,3983,3822.694,3295.0,3957.0,4052.2,True
1,2016-02-04,3928,3830.55,3369.0,3827.0,4263.0,True
1,2016-02-05,4327,4152.116,3554.8,4190.0,4646.0,True
1,2016-02-06,6412,5678.588,5087.0,5714.0,6314.0,False
1,2016-02-07,4986,5631.278,4783.7,5812.0,6337.0,True
1,2016-02-08,3933,4040.264,3676.0,4011.5,4340.0,True
1,2016-02-09,3936,3800.104,3377.0,3829.0,4051.0,True
1,2016-02-10,3995,3813.0,3341.5,3866.0,4134.0,True
1,2016-02-11,4007,3750.586,3395.0,3810.0,3984.8,False
1,2016-02-12,4111,4139.588,3814.5,4143.0,4350.0,True
1,2016-02-13,5483,5491.632,4824.0,5498.0,6314.0,True
1,2016-02-14,4834,4824.27,4184.0,4874.0,5495.0,True
1,2016-02-15,4588,4175.828,3554.0,4275.5,4805.0,True
1,2016-02-16,3650,3482.718,3038.0,3490.0,3998.0,True
1,2016-02-17,3777,3621.37,3189.0,3580.0,4042.0,True
1,2016-02-18,3868,3693.556,3279.0,3740.0,4048.0,True
1,2016-02-19,4413,3915.684,3406.0,3901.5,4390.0,False
1,2016-02-20,5283,5370.93,4824.0,5414.0,5924.1,True
1,2016-02-21,5607,5573.536,4930.0,5570.0,6093.0,True
1,2016-02-22,3905,4040.918,3583.0,3948.0,4672.0,True
1,2016-02-23,3613,3575.208,3255.0,3564.0,3938.0,True
1,2016-02-24,3369,3541.302,3214.7000000000003,3486.0,3998.0,True
1,2016-02-25,3396,3473.752,3050.7,3451.0,3998.0,True
1,2016-02-26,4087,3981.476,3406.0,4023.0,4390.0,True
1,2016-02-27,5329,5178.812,4737.0,5147.0,5603.0,True
1,2016-02-28,6198,5530.536,4954.0,5570.0,5980.0,False
2,2016-02-29,3797,4064.602,3592.0,3958.0,4689.500000000001,True
2,2016-03-01,3830,4124.18,3721.8,4061.0,4609.0,True
2,2016-03-02,3754,4048.354,3689.5,4051.0,4468.0,True
2,2016-03-03,3769,4076.982,3745.0,4061.0,4446.8,True
2,2016-03-04,4163,4541.308,4041.2000000000003,4455.0,5105.700000000001,True
2,2016-03-05,5630,5437.172,4863.8,5354.0,6179.1,True
2,2016-03-06,6829,5973.248,5504.9,5877.0,6636.0,False
2,2016-03-07,4393,4183.968,3740.7,4091.0,4794.0,True
2,2016-03-08,3930,3916.244,3637.9,3859.0,4168.0,True
2,2016-03-09,3672,3826.938,3540.8,3818.0,4080.0,True
2,2016-03-10,3877,3791.83,3474.0,3818.0,4080.0,True
2,2016-03-11,4049,4197.388,3826.0,4184.0,4469.6,True
2,2016-03-12,5933,5297.586,4844.0,5288.0,5745.0,False
2,2016-03-13,5446,5926.65,5279.0,5849.0,6636.0,True
2,2016-03-14,4190,4275.312,3828.0,4247.5,4697.0,True
2,2016-03-15,3457,3684.83,3362.0,3700.0,3992.2,True
2,2016-03-16,3587,3516.206,3227.0,3502.5,3797.0,True
2,2016-03-17,3329,3546.834,3227.0,3522.5,3870.7000000000003,True
2,2016-03-18,4285,4190.948,3995.0,4120.0,4578.0,True
2,2016-03-19,5659,5500.872,5029.4,5485.0,6019.0,True
2,2016-03-20,6197,5709.998,5260.0,5603.0,6198.0,True
2,2016-03-21,4242,4074.636,3742.0,4023.0,4425.0,True
2,2016-03-22,3776,3611.37,3340.0,3543.0,4040.8,True
2,2016-03-23,3770,3538.844,3211.0,3474.0,3936.0,True
2,2016-03-24,3970,3438.614,3010.0,3469.0,3891.1,False
2,2016-03-25,4904,4124.552,3868.0,4138.0,4350.0,False
2,2016-03-26,6139,5712.992,5287.5,5651.0,6257.0,True
2,2016-03-27,4669,4915.43,4279.0,4881.0,5214.0,True
3,2016-03-28,3905,3862.004,3381.0,3891.5,4178.200000000001,True
3,2016-03-29,3788,3508.914,3260.0,3466.0,3870.0,True
3,2016-03-30,3339,3551.932,3260.0,3526.0,3877.0,True
3,2016-03-31,4076,3561.22,3259.2,3544.0,3926.0,False
3,2016-04-01,4983,4707.854,4094.0,4602.0,5634.0,True
3,2016-04-02,5877,5947.652,5470.3,5872.0,6433.0,True
3,2016-04-03,6496,5945.644,5350.4,5987.0,6524.0,True
3,2016-04-04,4812,4545.868,4075.0,4494.0,4939.0,True
3,2016-04-05,4063,4142.06,3843.9,4158.0,4393.0,True
3,2016-04-06,3964,3964.752,3556.0,4003.5,4182.0,True
3,2016-04-07,3655,4128.978,3809.0,4101.0,4476.200000000002,False
3,2016-04-08,4719,4534.804,4134.0,4440.0,4926.500000000004,True
3,2016-04-09,6112,5829.122,5415.0,5840.0,6261.000000000001,True
3,2016-04-10,5969,5914.694,5385.0,5849.0,6524.0,True
3,2016-04-11,4484,4422.126,3973.0,4529.0,4880.0,True
3,2016-04-12,3579,3848.528,3466.0,3829.0,4131.3,True
3,2016-04-13,3478,3691.032,3374.2000000000003,3726.0,4007.0,True
3,2016-04-14,3637,3651.576,3235.0,3709.5,4201.0,True
3,2016-04-15,3982,4492.58,4135.9,4386.0,4880.0,False
3,2016-04-16,5437,5587.292,5164.0,5589.0,6019.0,True
3,2016-04-17,5954,5885.002,5412.0,5869.0,6214.0,True
3,2016-04-18,4345,4283.074,3928.0,4236.0,4675.0,True
3,2016-04-19,3793,3662.104,3364.0,3635.0,3942.0,True
3,2016-04-20,3722,3598.89,3350.0,3621.0,3818.4,True
3,2016-04-21,3709,3522.22,3227.0,3543.0,3797.0,True
3,2016-04-22,4387,4400.62,4001.0,4281.0,5146.900000000001,True
3,2016-04-23,5577,5580.962,5147.0,5589.0,6088.0,True
3,2016-04-24,6113,5867.95,5446.0,5840.0,6524.0,True
4,2016-04-25,4472,4158.674,3797.0,4171.0,4583.300000000001,True
4,2016-04-26,3703,3681.926,3339.0,3713.5,3951.0,True
4,2016-04-27,3715,3645.5,3339.0,3637.0,3998.0,True
4,2016-04-28,3618,3595.126,3339.0,3587.0,3838.0,True
4,2016-04-29,4573,4152.342,3702.0,4073.0,4780.0,True
4,2016-04-30,5898,5444.556,4814.0,5483.0,6019.0,True
4,2016-05-01,6397,5761.434,4814.0,5877.0,6524.0,True
4,2016-05-02,4794,5004.766,4474.0,5038.0,5632.0,True
4,2016-05-03,4594,4152.558,3818.0,4091.0,4715.0,True
4,2016-05-04,4234,4083.768,3814.8,4063.0,4210.0,False
4,2016-05-05,3918,3929.948,3429.7000000000003,3994.0,4202.0,True
4,2016-05-06,4804,4723.566,4293.9,4697.0,5121.0,True
4,2016-05-07,6069,5943.694,5710.0,5970.0,6242.0,True
4,2016-05-08,5212,4877.508,4184.0,4874.0,5014.0,False
4,2016-05-09,4859,4634.308,4291.8,4602.0,4983.0,True
4,2016-05-10,4104,3974.852,3579.0,3905.0,4386.2,True
4,2016-05-11,3982,3811.812,3490.0,3810.0,4111.5,True
4,2016-05-12,4049,3748.658,3457.0,3796.5,4018.0,False
4,2016-05-13,4951,4507.928,4135.0,4454.0,4885.1,False
4,2016-05-14,6245,5848.118,5408.0,5895.0,6257.0,True
4,2016-05-15,6707,6169.388,5568.0,6222.0,6703.0,False
4,2016-05-16,4568,4499.048,3982.0,4561.0,4880.0,True
4,2016-05-17,3949,3888.748,3578.7,3851.0,4177.0,True
4,2016-05-18,3995,3741.016,3478.0,3746.0,4016.0,True
4,2016-05-19,4136,3780.684,3487.0,3774.0,4111.5,False
4,2016-05-20,4433,4579.25,4094.0,4697.0,4895.0,True
4,2016-05-21,5764,5579.204,5131.9,5589.0,6019.0,True
4,2016-05-22,6289,6044.698,5655.0,6053.0,6331.6,True
